{
  "IcoMoonType": "selection",
  "icons": [
    {
      "icon": {
        "paths": [
          "M340 548.571q0 7.429-5.714 13.143l-266.286 266.286q-5.714 5.714-13.143 5.714t-13.143-5.714l-28.571-28.571q-5.714-5.714-5.714-13.143t5.714-13.143l224.571-224.571-224.571-224.571q-5.714-5.714-5.714-13.143t5.714-13.143l28.571-28.571q5.714-5.714 13.143-5.714t13.143 5.714l266.286 266.286q5.714 5.714 5.714 13.143zM559.429 548.571q0 7.429-5.714 13.143l-266.286 266.286q-5.714 5.714-13.143 5.714t-13.143-5.714l-28.571-28.571q-5.714-5.714-5.714-13.143t5.714-13.143l224.571-224.571-224.571-224.571q-5.714-5.714-5.714-13.143t5.714-13.143l28.571-28.571q5.714-5.714 13.143-5.714t13.143 5.714l266.286 266.286q5.714 5.714 5.714 13.143z"
        ],
        "attrs": [
          {}
        ],
        "width": 567,
        "isMulticolor": false,
        "isMulticolor2": false,
        "tags": [
          "angle-double-right"
        ],
        "grid": 14
      },
      "attrs": [
        {}
      ],
      "properties": {
        "order": 17,
        "id": 0,
        "name": "icons-arrow-double",
        "prevSize": 32,
        "code": 59662
      },
      "setIdx": 0,
      "setId": 1,
      "iconIdx": 0
    },
    {
      "icon": {
        "paths": [
          "M247.467 281.6h529.067v85.333h-529.067v-85.333z",
          "M247.467 469.333h529.067v85.333h-529.067v-85.333z",
          "M247.467 657.067h529.067v85.333h-529.067v-85.333z"
        ],
        "attrs": [
          {},
          {},
          {}
        ],
        "isMulticolor": false,
        "isMulticolor2": false,
        "grid": 0,
        "tags": [
          "icons-14"
        ]
      },
      "attrs": [
        {},
        {},
        {}
      ],
      "properties": {
        "order": 15,
        "id": 13,
        "name": "icons-list",
        "prevSize": 32,
        "code": 59657
      },
      "setIdx": 1,
      "setId": 0,
      "iconIdx": 0
    },
    {
      "icon": {
        "paths": [
          "M247.467 247.467h136.533v128h-136.533v-128z",
          "M443.733 247.467h136.533v128h-136.533v-128z",
          "M640 247.467h136.533v128h-136.533v-128z",
          "M247.467 443.733h136.533v128h-136.533v-128z",
          "M443.733 443.733h136.533v128h-136.533v-128z",
          "M640 443.733h136.533v128h-136.533v-128z",
          "M247.467 648.533h136.533v128h-136.533v-128z",
          "M443.733 648.533h136.533v128h-136.533v-128z",
          "M640 648.533h136.533v128h-136.533v-128z"
        ],
        "attrs": [
          {},
          {},
          {},
          {},
          {},
          {},
          {},
          {},
          {}
        ],
        "isMulticolor": false,
        "isMulticolor2": false,
        "grid": 0,
        "tags": [
          "icons-13"
        ]
      },
      "attrs": [
        {},
        {},
        {},
        {},
        {},
        {},
        {},
        {},
        {}
      ],
      "properties": {
        "order": 14,
        "id": 12,
        "name": "icons-grid",
        "prevSize": 32,
        "code": 59658
      },
      "setIdx": 1,
      "setId": 0,
      "iconIdx": 1
    },
    {
      "icon": {
        "paths": [
          "M275.968 635.563l236.032-236.117 233.045 233.045 42.24-42.155-275.285-275.285-278.272 278.187 42.24 42.325z"
        ],
        "attrs": [
          {}
        ],
        "isMulticolor": false,
        "isMulticolor2": false,
        "grid": 0,
        "tags": [
          "icons-12"
        ]
      },
      "attrs": [
        {}
      ],
      "properties": {
        "order": 18,
        "id": 14,
        "name": "icons-arrow-up",
        "prevSize": 32,
        "code": 59663
      },
      "setIdx": 1,
      "setId": 0,
      "iconIdx": 2
    },
    {
      "icon": {
        "paths": [
          "M748.032 388.437l-236.032 236.117-233.045-233.045-42.24 42.155 275.285 275.285 278.272-278.187-42.24-42.325z"
        ],
        "attrs": [
          {}
        ],
        "isMulticolor": false,
        "isMulticolor2": false,
        "grid": 0,
        "tags": [
          "icons-12"
        ]
      },
      "attrs": [
        {}
      ],
      "properties": {
        "order": 13,
        "id": 11,
        "name": "icons-arrow-down",
        "prevSize": 32,
        "code": 59659
      },
      "setIdx": 1,
      "setId": 0,
      "iconIdx": 3
    },
    {
      "icon": {
        "paths": [
          "M766.976 257.024c-65.218-65.168-155.29-105.472-254.774-105.472-199.070 0-360.448 161.378-360.448 360.448s161.378 360.448 360.448 360.448c99.485 0 189.556-40.304 254.777-105.475 65.142-65.301 105.424-155.433 105.424-254.973s-40.282-189.672-105.433-254.983zM724.736 724.736c-54.409 54.36-129.548 87.979-212.539 87.979-166.080 0-300.715-134.635-300.715-300.715s134.635-300.715 300.715-300.715c82.991 0 158.13 33.619 212.541 87.981 54.352 54.483 87.962 129.683 87.962 212.734s-33.61 158.251-87.97 212.742z",
          "M642.133 339.627l-130.133 130.133-130.133-130.133-42.24 42.24 130.133 130.133-130.133 130.133 42.24 42.24 130.133-130.133 130.133 130.133 42.24-42.24-130.133-130.133 130.133-130.133-42.24-42.24z"
        ],
        "attrs": [
          {},
          {}
        ],
        "isMulticolor": false,
        "isMulticolor2": false,
        "grid": 0,
        "tags": [
          "icons-11"
        ]
      },
      "attrs": [
        {},
        {}
      ],
      "properties": {
        "order": 12,
        "id": 10,
        "name": "icons-cancel",
        "prevSize": 32,
        "code": 59660
      },
      "setIdx": 1,
      "setId": 0,
      "iconIdx": 4
    },
    {
      "icon": {
        "paths": [
          "M708.267 230.4h-107.435c-0.336-0.004-0.732-0.006-1.13-0.006-62.586 0-113.323 50.736-113.323 113.323 0 0.752 0.007 1.502 0.022 2.251l-0.002 114.832h-96.768l124.672 215.893 124.587-215.893h-92.757v-114.944c-0.027-0.64-0.043-1.391-0.043-2.146 0-29.597 23.993-53.589 53.589-53.589 0.405 0 0.809 0.004 1.212 0.013l107.375-0.001c0.497-0.015 1.082-0.024 1.669-0.024 31.262 0 56.759 24.686 58.060 55.629l0.004 388.128c-1.138 32.522-27.211 58.595-59.627 59.73l-387.861 0.003c-31.829 0-55.979-28.331-55.979-59.733v-426.667h-59.733v426.667c0 64.768 51.2 119.467 115.712 119.467h387.755c65.502-1.176 118.291-53.965 119.465-119.356l0.002-388.122c0-64.768-54.869-115.456-119.467-115.456z"
        ],
        "attrs": [
          {}
        ],
        "isMulticolor": false,
        "isMulticolor2": false,
        "grid": 0,
        "tags": [
          "icons-10"
        ]
      },
      "attrs": [
        {}
      ],
      "properties": {
        "order": 11,
        "id": 9,
        "name": "icons-save",
        "prevSize": 32,
        "code": 59661
      },
      "setIdx": 1,
      "setId": 0,
      "iconIdx": 5
    },
    {
      "icon": {
        "paths": [
          "M838.741 68.267c-0.004-0-0.009-0-0.013-0-61.974 0-112.213 50.24-112.213 112.213 0 23.909 7.477 46.071 20.221 64.276l-128.24 127.638c-21.64-16.043-48.869-25.681-78.348-25.681-25.144 0-48.65 7.011-68.67 19.186l-142.945-143.606c7.174-12.036 11.415-26.542 11.415-42.038 0-45.903-37.212-83.115-83.115-83.115s-83.115 37.212-83.115 83.115c0 45.903 37.212 83.115 83.115 83.115 15.413 0 29.846-4.195 42.22-11.506l140.413 142.547c-15.762 18.049-26.713 40.682-30.624 65.649l-113.504 0.74c-10.724-51.944-55.744-90.558-109.914-91.306-0.487-0.006-0.966-0.009-1.446-0.009-61.267 0-110.933 49.667-110.933 110.933 0 0.003 0 0.006 0 0.009-0 0.104-0.001 0.227-0.001 0.35 0 62.312 50.104 112.922 112.222 113.739 0.164 0.001 0.267 0.001 0.369 0.001 54.472 0 99.871-38.842 110.013-90.34l112.671-0.711c10.701 53.245 51.050 94.822 102.746 107.161l0.934 122.3c-24.897 6.404-46.377 18.612-63.717 35.127-18.211 19.874-29.406 46.548-29.406 75.836 0 62.115 50.354 112.469 112.469 112.469s112.469-50.354 112.469-112.469c0-53.856-37.854-98.87-88.406-109.889l-0.743-121.48c76.8-7.595 118.357-64 118.357-132.352 0-0.059 0-0.13 0-0.2 0-29.167-9.441-56.13-25.434-77.998l128.943-128.053c17.531 11.867 39.148 18.944 62.417 18.944 62.021 0 112.299-50.278 112.299-112.299s-50.278-112.299-112.299-112.299c-0.073 0-0.147 0-0.22 0zM540.075 571.733c-50.306-0.098-91.050-40.901-91.050-91.221 0-50.38 40.841-91.221 91.221-91.221 50.26 0 91.027 40.647 91.221 90.861 0 0.095 0 0.185 0 0.275 0 50.427-40.879 91.307-91.307 91.307-0.030 0-0.060-0-0.090-0z"
        ],
        "attrs": [
          {}
        ],
        "isMulticolor": false,
        "isMulticolor2": false,
        "grid": 0,
        "tags": [
          "icons-01"
        ]
      },
      "attrs": [
        {}
      ],
      "properties": {
        "order": 2,
        "id": 8,
        "name": "icons-site-tree",
        "prevSize": 32,
        "code": 59648
      },
      "setIdx": 1,
      "setId": 0,
      "iconIdx": 6
    },
    {
      "icon": {
        "paths": [
          "M627.371 298.667h-125.355v-168.96l-370.261 247.467 370.261 247.467v-146.773h125.355c51.2 0 96.512 28.416 96.512 79.872v18.091c0 51.2-45.141 98.389-96.512 98.389h-364.288v170.581h364.288c147.725-0.775 267.179-120.708 267.179-268.541 0-0.181-0-0.363-0.001-0.544l0-17.977c0-148.139-119.467-259.072-267.179-259.072z"
        ],
        "attrs": [
          {}
        ],
        "isMulticolor": false,
        "isMulticolor2": false,
        "grid": 0,
        "tags": [
          "icons-02"
        ]
      },
      "attrs": [
        {}
      ],
      "properties": {
        "order": 3,
        "id": 7,
        "name": "icons-back",
        "prevSize": 32,
        "code": 59649
      },
      "setIdx": 1,
      "setId": 0,
      "iconIdx": 7
    },
    {
      "icon": {
        "paths": [
          "M881.92 292.949h-156.587v-148.309c0-14.933-4.267-30.805-19.115-30.805h-559.445c-14.933 0-35.84 15.957-35.84 30.805v559.36c0 14.933 20.992 24.149 35.84 24.149h143.36v151.552c0 14.933 17.067 27.648 32.341 27.648h559.36c14.933 0 22.613-12.8 22.613-27.648v-559.36c0.085-14.933-7.68-27.392-22.528-27.392zM170.667 668.416v-494.933h494.933v119.467h-343.125c-15.275 0-32.341 12.459-32.341 27.392v348.16zM665.6 354.304v314.795l-315.733 1.365v-314.795zM844.8 847.616h-494.933v-119.467h356.352c14.933 0 19.115-9.301 19.115-24.149v-351.317h119.467z"
        ],
        "attrs": [
          {}
        ],
        "isMulticolor": false,
        "isMulticolor2": false,
        "grid": 0,
        "tags": [
          "icons-03"
        ]
      },
      "attrs": [
        {}
      ],
      "properties": {
        "order": 4,
        "id": 6,
        "name": "icons-workspace",
        "prevSize": 32,
        "code": 59650
      },
      "setIdx": 1,
      "setId": 0,
      "iconIdx": 8
    },
    {
      "icon": {
        "paths": [
          "M931.072 471.552l-0.939-9.984-76.8-19.2c-3.327-16.249-7.097-29.926-11.651-43.238l57.56-52.591-4.181-9.131c-12.37-26.804-25.891-49.765-41.383-71.209l-4.953-7.298-76.117 21.76c-9.438-10.62-19.162-20.343-29.427-29.472l21.406-76.427-8.533-5.803c-20.231-14.646-43.221-28.168-67.465-39.45l-11.725-5.265-55.040 56.832c-10.687-3.655-24.178-7.253-37.964-10.035l-21.428-77.175-9.984-0.939c-12.126-1.23-26.205-1.931-40.448-1.931s-28.322 0.701-42.205 2.072l-8.227 0.798-19.2 76.8c-16.247 3.326-29.924 7.095-43.236 11.65l-52.593-57.559-9.131 4.181c-26.805 12.375-49.766 25.896-71.212 41.385l-7.295 4.951 21.76 76.117c-10.617 9.441-20.341 19.165-29.472 29.427l-76.427-21.406-5.803 8.533c-14.637 20.208-28.158 43.169-39.448 67.38l-5.267 11.724 56.832 55.040c-3.659 10.715-7.257 24.235-10.037 38.052l-77.174 21.425-0.939 9.984c-1.28 13.483-1.963 27.136-1.963 40.448s0.683 26.88 1.963 40.448l0.939 9.984 76.8 19.2c3.326 16.248 7.096 29.925 11.65 43.237l-57.56 52.592 4.181 9.131c12.365 26.837 25.888 49.828 41.385 71.298l4.951 7.294 76.117-21.76c9.438 10.62 19.162 20.343 29.427 29.472l-21.406 76.427 8.533 5.803c20.208 14.644 43.17 28.165 67.383 39.45l11.721 5.265 55.040-56.832c10.716 3.634 24.24 7.204 38.059 9.957l21.419 77.169 9.984 0.939c13.483 1.28 27.051 1.963 40.448 1.963s26.965-0.683 40.448-1.963l9.984-0.939 19.2-76.8c40.785-9.666 75.442-20.821 108.905-34.312l60.823 67.677c17.22 17.22 41.009 27.87 67.285 27.87 52.553 0 95.156-42.603 95.156-95.156 0-26.277-10.651-50.066-27.87-67.285l-64.512-64.512c10.673-27.776 21.622-63.161 30.533-99.349l78.182-25.835 0.939-9.984c1.28-13.483 1.963-27.051 1.963-40.448s-0.683-26.965-1.963-40.448zM861.867 862.805c-11.1 11.082-26.424 17.935-43.349 17.935s-32.25-6.853-43.35-17.936l-198.997-199.167c-3.084-3.064-7.335-4.959-12.028-4.959-1.487 0-2.929 0.19-4.304 0.547-47.839 12.433-116.105 5.35-160.393-38.597-34.987-34.987-48.299-89.003-37.461-148.053l82.688 82.688c3.078 3.026 7.302 4.894 11.963 4.894 4.398 0 8.407-1.664 11.433-4.396l92.23-84.552c3.325-3.122 5.396-7.545 5.396-12.453 0-4.656-1.864-8.876-4.887-11.955l-84.819-84.819c56.491-15.701 110.933-3.669 148.224 34.133 27.616 28.598 44.631 67.587 44.631 110.551 0 19.232-3.41 37.668-9.657 54.736-0.224 0.535-0.557 2.427-0.557 4.397 0 4.675 1.879 8.91 4.924 11.993l198.313 198.313c11.062 11.109 17.9 26.431 17.9 43.349s-6.839 32.241-17.902 43.352zM903.424 539.733l-74.837 18.773-1.621 9.045c-3.67 20.594-8.67 38.68-15.141 56.049l-17.969 36.623-99.157-99.328c5.020-16.359 7.91-35.163 7.91-54.642 0-52.24-20.789-99.624-54.545-134.33-53.12-53.118-131.541-65.321-209.706-32.724-6.138 2.676-10.351 8.691-10.351 15.69 0 4.701 1.901 8.958 4.975 12.044l91.306 91.221-67.243 61.696-92.416-92.501c-3.072-2.997-7.276-4.845-11.913-4.845-7.559 0-13.97 4.914-16.213 11.722-25.122 82.211-10.53 160.803 38.963 210.297 53.76 53.76 130.048 60.587 183.381 49.664l99.584 99.413-36.949 19.029c-15.166 5.752-33.251 10.752-51.902 14.129l-10.989 1.913-18.773 74.837c-8.311 0.627-18.002 0.984-27.776 0.984s-19.465-0.357-29.060-1.059l-17.49-74.762-9.045-1.621c-20.593-3.669-38.679-8.669-56.048-15.14l-6.331-2.438-53.675 55.467c-18.67-9.176-34.403-18.429-49.39-28.69l22.596-73.454-7.083-5.888c-14.352-12.116-27.223-24.987-38.945-38.861l-6.282-7.561-74.325 21.248c-9.4-13.666-18.653-29.428-26.792-45.84l54.44-55.962-3.157-8.533c-5.751-15.166-10.751-33.251-14.129-51.901l-1.913-10.989-74.837-18.773c-1.109-9.301-1.109-18.603-1.109-27.733s0-18.432 1.024-27.819l74.837-18.773 1.621-9.045c3.669-20.593 8.669-38.679 15.14-56.048l2.438-6.331-55.467-53.675c9.175-18.67 18.428-34.402 28.69-49.389l73.454 22.595 5.888-7.083c12.114-14.354 24.985-27.225 38.86-38.945l7.561-6.282-21.248-74.325c13.641-9.391 29.373-18.644 45.754-26.789l55.963 54.437 8.533-3.157c15.167-5.753 33.253-10.753 51.904-14.13l10.987-1.913 18.773-74.837c8.312-0.628 18.002-0.987 27.776-0.987s19.464 0.358 29.059 1.062l17.49 74.762 9.045 1.621c20.594 3.67 38.68 8.67 56.049 15.141l6.329 2.438 53.675-55.467c18.7 9.166 34.462 18.419 49.474 28.688l-22.594 73.456 7.083 5.888c14.352 12.116 27.223 24.987 38.945 38.861l6.282 7.561 74.325-21.248c9.389 13.639 18.642 29.372 26.788 45.752l-54.436 55.965 3.157 8.533c5.752 15.166 10.752 33.252 14.13 51.903l1.913 10.988 74.837 18.773c0.683 9.301 1.024 18.603 1.024 27.819s-0 18.517-0.939 27.819z"
        ],
        "attrs": [
          {}
        ],
        "isMulticolor": false,
        "isMulticolor2": false,
        "grid": 0,
        "tags": [
          "icons-04"
        ]
      },
      "attrs": [
        {}
      ],
      "properties": {
        "order": 5,
        "id": 5,
        "name": "icons-tools-settings",
        "prevSize": 32,
        "code": 59651
      },
      "setIdx": 1,
      "setId": 0,
      "iconIdx": 9
    },
    {
      "icon": {
        "paths": [
          "M905.643 238.933c0-19.794-16.046-35.84-35.84-35.84h-713.387c-19.794 0-35.84 16.046-35.84 35.84v500.053c0 19.794 16.046 35.84 35.84 35.84h713.301c19.794 0 35.84-16.046 35.84-35.84zM513.109 762.283c-10.321 0-18.688-8.367-18.688-18.688s8.367-18.688 18.688-18.688c10.321 0 18.688 8.367 18.688 18.688 0 0.025 0 0.055 0 0.085 0 10.321-8.367 18.688-18.688 18.688-0 0-0-0-0-0zM854.443 689.493h-682.667v-426.667h682.667z",
          "M425.131 783.189h175.872v47.616h-175.872v-47.616z",
          "M342.613 821.504h340.992v14.677h-340.992v-14.677z"
        ],
        "attrs": [
          {},
          {},
          {}
        ],
        "isMulticolor": false,
        "isMulticolor2": false,
        "grid": 0,
        "tags": [
          "icons-05"
        ]
      },
      "attrs": [
        {},
        {},
        {}
      ],
      "properties": {
        "order": 6,
        "id": 4,
        "name": "icons-lg-desktop",
        "prevSize": 32,
        "code": 59652
      },
      "setIdx": 1,
      "setId": 0,
      "iconIdx": 10
    },
    {
      "icon": {
        "paths": [
          "M861.867 332.8c0-9.426-7.641-17.067-17.067-17.067h-674.133c-9.426 0-17.067 7.641-17.067 17.067v401.067c0 9.426 7.641 17.067 17.067 17.067h674.133c9.426 0 17.067-7.641 17.067-17.067zM187.733 349.867h640v366.933h-640z",
          "M580.267 750.933v17.067h-136.533v-17.067h-366.933v25.6h870.4v-25.6h-366.933z"
        ],
        "attrs": [
          {},
          {}
        ],
        "isMulticolor": false,
        "isMulticolor2": false,
        "grid": 0,
        "tags": [
          "icons-06"
        ]
      },
      "attrs": [
        {},
        {}
      ],
      "properties": {
        "order": 7,
        "id": 3,
        "name": "icons-desktop",
        "prevSize": 32,
        "code": 59653
      },
      "setIdx": 1,
      "setId": 0,
      "iconIdx": 11
    },
    {
      "icon": {
        "paths": [
          "M819.2 164.608c0-20.218-16.39-36.608-36.608-36.608h-549.717c-20.218 0-36.608 16.39-36.608 36.608v694.784c0 20.218 16.39 36.608 36.608 36.608h549.717c20.218 0 36.608-16.39 36.608-36.608zM512 882.773c-12.442 0-22.528-10.086-22.528-22.528s10.086-22.528 22.528-22.528c12.442 0 22.528 10.086 22.528 22.528s-10.086 22.528-22.528 22.528zM759.467 827.733h-494.933v-631.467h494.933z"
        ],
        "attrs": [
          {}
        ],
        "isMulticolor": false,
        "isMulticolor2": false,
        "grid": 0,
        "tags": [
          "icons-07"
        ]
      },
      "attrs": [
        {}
      ],
      "properties": {
        "order": 8,
        "id": 2,
        "name": "icons-tablet",
        "prevSize": 32,
        "code": 59654
      },
      "setIdx": 1,
      "setId": 0,
      "iconIdx": 12
    },
    {
      "icon": {
        "paths": [
          "M742.4 160.939c-0-18.192-14.747-32.939-32.939-32.939h-403.456c-18.192 0-32.939 14.747-32.939 32.939v710.741c0.049 18.155 14.777 32.853 32.939 32.853 0 0 0-0 0-0l403.456 0c18.192-0 32.939-14.747 32.939-32.939zM401.067 187.733h213.333v34.133h-213.333zM507.904 857.429c-14.657 0-26.539-11.882-26.539-26.539s11.882-26.539 26.539-26.539c14.657 0 26.539 11.882 26.539 26.539s-11.882 26.539-26.539 26.539zM708.267 768h-401.067v-503.467h401.067z"
        ],
        "attrs": [
          {}
        ],
        "isMulticolor": false,
        "isMulticolor2": false,
        "grid": 0,
        "tags": [
          "icons-08"
        ]
      },
      "attrs": [
        {}
      ],
      "properties": {
        "order": 9,
        "id": 1,
        "name": "icons-phone",
        "prevSize": 32,
        "code": 59655
      },
      "setIdx": 1,
      "setId": 0,
      "iconIdx": 13
    },
    {
      "icon": {
        "paths": [
          "M785.067 283.563v0.768l-137.643-130.731-47.701-59.733h-403.456v844.8h631.467v-594.347zM238.933 878.933v-725.333h366.933v187.733h179.2v537.6z"
        ],
        "attrs": [
          {}
        ],
        "isMulticolor": false,
        "isMulticolor2": false,
        "grid": 0,
        "tags": [
          "icons-09"
        ]
      },
      "attrs": [
        {}
      ],
      "properties": {
        "order": 10,
        "id": 0,
        "name": "icons-page",
        "prevSize": 32,
        "code": 59656
      },
      "setIdx": 1,
      "setId": 0,
      "iconIdx": 14
    }
  ],
  "height": 1024,
  "metadata": {
    "name": "icons"
  },
  "preferences": {
    "showGlyphs": true,
    "showCodes": true,
    "showQuickUse": true,
    "showQuickUse2": true,
    "showSVGs": true,
    "fontPref": {
      "prefix": "icon-",
      "metadata": {
        "fontFamily": "icons",
        "majorVersion": 1,
        "minorVersion": 0
      },
      "metrics": {
        "emSize": 1024,
        "baseline": 6.25,
        "whitespace": 50
      },
      "embed": false,
      "showSelector": false,
      "showMetrics": false,
      "showMetadata": false,
      "showVersion": false
    },
    "imagePref": {
      "prefix": "icon-",
      "png": true,
      "useClassSelector": true,
      "color": 0,
      "bgColor": 16777215
    },
    "historySize": 100,
    "gridSize": 16
  }
}